Order_ID,Order_Date,Customer,Category,Product,Quantity,Unit_Price,Region
1001,2026-01-05,Alex Johnson,Electronics,Wireless Mouse,2,25.99,Midwest
1002,2026-01-08,Sarah Lee,Office Supplies,Notebook,5,4.50,West
1003,2026-01-12,Michael Brown,Electronics,Keyboard,1,45.00,South
1004,2026-01-18,Emily Davis,Home,Desk Lamp,2,32.50,East
1005,2026-02-02,David Wilson,Electronics,USB-C Hub,3,39.99,Midwest
1006,2026-02-10,Jessica Miller,Office Supplies,Pen Set,4,8.75,West
1007,2026-02-14,Daniel Garcia,Home,Storage Box,3,18.99,South
1008,2026-02-22,Sophia Martinez,Electronics,Webcam,1,69.99,East
1009,2026-03-03,James Anderson,Office Supplies,Printer Paper,6,7.25,Midwest
1010,2026-03-09,Olivia Taylor,Electronics,Wireless Mouse,2,25.99,West
1011,2026-03-15,William Thomas,Home,Desk Lamp,1,32.50,South
1012,2026-03-20,Ava Moore,Electronics,Keyboard,2,45.00,East
1013,2026-04-01,Ethan Jackson,Office Supplies,Notebook,8,4.50,Midwest
1014,2026-04-07,Mia Martin,Electronics,USB-C Hub,2,39.99,West
1015,2026-04-13,Alexander White,Home,Storage Box,4,18.99,South
1016,2026-04-19,Isabella Harris,Electronics,Webcam,2,69.99,East
1017,2026-05-02,Benjamin Thompson,Office Supplies,Pen Set,6,8.75,Midwest
1018,2026-05-08,Charlotte Clark,Electronics,Wireless Mouse,3,25.99,West
1019,2026-05-14,Lucas Lewis,Home,Desk Lamp,2,32.50,South
1020,2026-05-21,Amelia Walker,Electronics,Keyboard,1,45.00,East
1021,2026-06-03,Henry Hall,Electronics,USB-C Hub,4,39.99,Midwest
1022,2026-06-09,Harper Allen,Office Supplies,Printer Paper,5,7.25,West
1023,2026-06-16,Jack Young,Home,Storage Box,2,18.99,South
1024,2026-06-24,Evelyn King,Electronics,Webcam,1,69.99,East